{
  "method": "finetuned_lora_mid4_mean",
  "story_pearson_r": 0.7450552147805424,
  "story_scores_s2": {
    "adventuresinsayingyes": 0.03402486816048622,
    "beneaththemushroomcloud": 0.04555588215589523,
    "birthofanation": 0.03572123870253563,
    "canplanetearthfeedtenbillionpeoplepart1": 0.02777416631579399,
    "fromboyhoodtofatherhood": 0.0668930783867836,
    "goingthelibertyway": 0.021807245910167694,
    "igrewupinthewestborobaptistchurch": 0.03376935049891472,
    "inamoment": 0.04243568331003189,
    "itsabox": 0.03916971758008003,
    "leavingbaghdad": 0.04188196733593941,
    "marryamanwholoveshismother": 0.04478445276618004,
    "mayorofthefreaks": 0.03093338944017887,
    "onapproachtopluto": 0.07478511333465576,
    "reachingoutbetweenthebars": 0.060387253761291504,
    "stumblinginthedark": 0.038731954991817474,
    "superheroesjustforeachother": 0.028885388746857643,
    "thatthingonmyarm": 0.01890845037996769,
    "theadvancedbeginner": 0.02023933082818985,
    "vixenandtheussr": 0.035335686057806015,
    "wildwomenanddancingqueens": 0.044647466391325
  },
  "story_scores_s3": {
    "adventuresinsayingyes": 0.05274859070777893,
    "beneaththemushroomcloud": 0.056353069841861725,
    "birthofanation": 0.033464331179857254,
    "canplanetearthfeedtenbillionpeoplepart1": 0.024176253005862236,
    "fromboyhoodtofatherhood": 0.09785300493240356,
    "goingthelibertyway": 0.05806995555758476,
    "igrewupinthewestborobaptistchurch": 0.03702150657773018,
    "inamoment": 0.05150829628109932,
    "itsabox": 0.048131830990314484,
    "leavingbaghdad": 0.053564708679914474,
    "marryamanwholoveshismother": 0.0647842139005661,
    "mayorofthefreaks": 0.045657262206077576,
    "onapproachtopluto": 0.09703288227319717,
    "reachingoutbetweenthebars": 0.04569702222943306,
    "stumblinginthedark": 0.04947224259376526,
    "superheroesjustforeachother": 0.04861251637339592,
    "thatthingonmyarm": 0.042698800563812256,
    "theadvancedbeginner": 0.04354078322649002,
    "vixenandtheussr": 0.04924342781305313,
    "wildwomenanddancingqueens": 0.06020529195666313
  },
  "s2_mean_cc": 0.03742949664592743,
  "s3_mean_cc": 0.05115616321563721
}